open_mean,open_std,high_mean,high_std,low_mean,low_std,close_mean,close_std,volume_mean,volume_std
162.16842809442392,37.637943921174745,164.81637707153286,37.916006852143646,159.47069634454914,37.21830386565745,162.05180765793995,37.54863891516553,53903746.347634226,33195367.934257895
