open_mean,open_std,high_mean,high_std,low_mean,low_std,close_mean,close_std,volume_mean,volume_std
162.3600654213836,37.64639351576967,165.01016220827037,37.92523642161633,159.66744643212581,37.23365939883997,162.2501642506297,37.56376300404033,53975320.981219515,33210967.511292376
