open_mean,open_std,high_mean,high_std,low_mean,low_std,close_mean,close_std,volume_mean,volume_std
162.18597065888002,37.62371576939251,164.83405879653134,37.90169799654447,159.48989968110726,37.20519160706922,162.07140911755363,37.535576356280544,53920017.56845457,33189750.46631301
