open_mean,open_std,close_mean,close_std,high_mean,high_std,low_mean,low_std,volume_mean,volume_std
162.18104806502396,37.62700926717312,162.06558633773483,37.53832992362836,164.82889810689392,37.90490588231218,159.48450769180815,37.208153409428526,53919560.72782949,33193802.76014547
