open_mean,open_std,high_mean,high_std,low_mean,low_std,close_mean,close_std,volume_mean,volume_std
162.19944142212051,37.619443884863905,164.84726611049072,37.897137443576774,159.50418124602848,37.20170134754237,162.0854304590307,37.53174911843977,53923949.26634027,33185893.834487773
